{
  "FilterHeaders": [
    {
      "Header": "user-agent",
      "IncludeInScript": false
    },
    {
      "Header": "accept-language",
      "IncludeInScript": false
    },
    {
      "Header": "accept-encoding",
      "IncludeInScript": false
    },
    {
      "Header": "accept",
      "IncludeInScript": false
    }
  ],
  "FilterResources": [
    {
      "IsNonResource": true,
      "type": "text/html"
    },
    {
      "IsNonResource": false,
      "type": "image/png"
    },
    {
      "IsNonResource": false,
      "type": "image/gif"
    }
  ],
  "GeneralInfo": {
    "BrowserVersion": "",
    "MaxUsedConnections": 2,
    "RecordedBrowser": "Internet Explorer",
    "RecordingDate": "июл-15-2020",
    "RecordingDuration": 8359,
    "RecordingTimeStamp": 1594850494,
    "TotalBytesReceived": 10079,
    "TotalBytesSent": 2824,
    "TotalRequests": 8
  },
  "HostInfo": [
    {
      "DomainName": "localhost",
      "Domains": [
        {
          "HTTPVersion": "HTTP/1.1",
          "IP": "[::1]",
          "IncludeInScript": true,
          "Name": "localhost",
          "Port": 1080,
          "Requests": [
            {
              "CompressionType": "",
              "DataType": "image/gif",
              "DownloadTime": 16,
              "EventId": 1039,
              "HttpStatus": 200,
              "Size": 679,
              "URL": "http://localhost:1080/WebTours/images/mer_login.gif"
            },
            {
              "CompressionType": "",
              "DataType": "text/html",
              "DownloadTime": 16,
              "EventId": 1037,
              "HttpStatus": 200,
              "Size": 1361,
              "URL": "http://localhost:1080/WebTours/home.html"
            },
            {
              "CompressionType": "",
              "DataType": "text/html",
              "DownloadTime": 219,
              "EventId": 1030,
              "HttpStatus": 200,
              "Size": 1489,
              "URL": "http://localhost:1080/cgi-bin/nav.pl?in=home"
            },
            {
              "CompressionType": "",
              "DataType": "image/png",
              "DownloadTime": 0,
              "EventId": 1028,
              "HttpStatus": 200,
              "Size": 4187,
              "URL": "http://localhost:1080/WebTours/images/webtours.png"
            },
            {
              "CompressionType": "",
              "DataType": "image/png",
              "DownloadTime": 0,
              "EventId": 1026,
              "HttpStatus": 200,
              "Size": 601,
              "URL": "http://localhost:1080/WebTours/images/hp_logo.png"
            },
            {
              "CompressionType": "",
              "DataType": "text/html",
              "DownloadTime": 109,
              "EventId": 1023,
              "HttpStatus": 200,
              "Size": 686,
              "URL": "http://localhost:1080/cgi-bin/welcome.pl?signOff=true"
            },
            {
              "CompressionType": "",
              "DataType": "text/html",
              "DownloadTime": 0,
              "EventId": 1021,
              "HttpStatus": 200,
              "Size": 710,
              "URL": "http://localhost:1080/WebTours/header.html"
            },
            {
              "CompressionType": "",
              "DataType": "text/html",
              "DownloadTime": 15,
              "EventId": 1014,
              "HttpStatus": 200,
              "Size": 366,
              "URL": "http://localhost:1080/WebTours/"
            }
          ],
          "SSLCipher": "None",
          "SSLVersion": "None"
        }
      ],
      "IncludeInScript": true
    }
  ],
  "WebSocket": {
    "IncludeInScript": false,
    "IsScriptIncludeWebSocket": false
  },
  "NumberOfCorrelations": 0
}